INSERT INTO AEROPORT(CODE_AERO, PAYS, VILLE,NOM_AERO) VALUES ('CGFRPA','FRANCE','PARIS','aeroport charles de gaulle');
INSERT INTO AEROPORT(CODE_AERO, PAYS, VILLE,NOM_AERO) VALUES ('USLAA','United states','LOS ANGELES','aeroport de los angeles');
INSERT INTO AEROPORT(CODE_AERO, PAYS, VILLE,NOM_AERO) VALUES ('USNWJ','United states','NEW YORK','aeroport JFK');
INSERT INTO AEROPORT(CODE_AERO, PAYS, VILLE,NOM_AERO) VALUES ('ELAL','ENGLAND','LONDON','aeroport de londres');
INSERT INTO AEROPORT(CODE_AERO, PAYS, VILLE,NOM_AERO) VALUES ('ESMAM','ESPAGNE','MADRID','aeroport de madrid');
INSERT INTO AEROPORT(CODE_AERO, PAYS, VILLE,NOM_AERO) VALUES ('ALBEAB','ALLEMAGNE','BERLIN','aeroport de berlin');
INSERT INTO AEROPORT(CODE_AERO, PAYS, VILLE,NOM_AERO) VALUES ('ANFRNA','FRANCE','NANTES','aeroport de nantes');
INSERT INTO AEROPORT(CODE_AERO, PAYS, VILLE,NOM_AERO) VALUES ('ATFRTO','FRANCE','TOULOUSE','aeroport de toulouse');
INSERT INTO TERMINAL(TERMINAL, PORTE, CODE_AERO) VALUES ('A',1,'CGFRPA');
INSERT INTO TERMINAL(TERMINAL, PORTE, CODE_AERO) VALUES ('A',2,'CGFRPA');
INSERT INTO TERMINAL(TERMINAL, PORTE, CODE_AERO) VALUES ('B',1,'USLAA');
INSERT INTO TERMINAL(TERMINAL, PORTE, CODE_AERO) VALUES ('B',2,'USLAA');
INSERT INTO TERMINAL(TERMINAL, PORTE, CODE_AERO) VALUES ('C',1,'USNWJ');
INSERT INTO TERMINAL(TERMINAL, PORTE, CODE_AERO) VALUES ('C',2,'USNWJ');
INSERT INTO TERMINAL(TERMINAL, PORTE, CODE_AERO) VALUES ('D',1,'ELAL');
INSERT INTO TERMINAL(TERMINAL, PORTE, CODE_AERO) VALUES ('D',2,'ELAL');
INSERT INTO TERMINAL(TERMINAL, PORTE, CODE_AERO) VALUES ('E',1,'ESMAM');
INSERT INTO TERMINAL(TERMINAL, PORTE, CODE_AERO) VALUES ('E',2,'ESMAM');
INSERT INTO TERMINAL(TERMINAL, PORTE, CODE_AERO) VALUES ('F',1,'ALBEAB');
INSERT INTO TERMINAL(TERMINAL, PORTE, CODE_AERO) VALUES ('F',2,'ALBEAB');
INSERT INTO TERMINAL(TERMINAL, PORTE, CODE_AERO) VALUES ('G',1,'ANFRNA');
INSERT INTO TERMINAL(TERMINAL, PORTE, CODE_AERO) VALUES ('G',2,'ANFRNA');
INSERT INTO TERMINAL(TERMINAL, PORTE, CODE_AERO) VALUES ('H',1,'ATFRTO');
INSERT INTO TERMINAL(TERMINAL, PORTE, CODE_AERO) VALUES ('H',2,'ATFRTO');
INSERT INTO VOL_COMM(ID_VOL_COMM, CODE_AERO_ATTERRIR, CODE_AERO_DECOLLER, JOUR_SEMA, HORA_VOL_COMM, DURE_VOL_COMM, DATE_DEBU_VALI, DATE_FIN_VALI) VALUES ('FA001','CGFRPA','USLAA',2, 0830, 450, '01/01/2014','01/05/2014');
INSERT INTO VOL_COMM(ID_VOL_COMM, CODE_AERO_ATTERRIR, CODE_AERO_DECOLLER, JOUR_SEMA, HORA_VOL_COMM, DURE_VOL_COMM, DATE_DEBU_VALI, DATE_FIN_VALI) VALUES ('FA002','ELAL','ANFRNA',2, 1050, 60, '01/04/2014','01/08/2014');
INSERT INTO VOL_COMM(ID_VOL_COMM, CODE_AERO_ATTERRIR, CODE_AERO_DECOLLER, JOUR_SEMA, HORA_VOL_COMM, DURE_VOL_COMM, DATE_DEBU_VALI, DATE_FIN_VALI) VALUES ('FA003','ANFRNA','ALBEAB',2, 2000, 60, '01/03/2014','01/06/2014');
INSERT INTO VOL_COMM(ID_VOL_COMM, CODE_AERO_ATTERRIR, CODE_AERO_DECOLLER, JOUR_SEMA, HORA_VOL_COMM, DURE_VOL_COMM, DATE_DEBU_VALI, DATE_FIN_VALI) VALUES ('FA004','ANFRNA','USLAA',2, 1330, 450, '01/02/2014','02/04/2014');
INSERT INTO VOL_COMM(ID_VOL_COMM, CODE_AERO_ATTERRIR, CODE_AERO_DECOLLER, JOUR_SEMA, HORA_VOL_COMM, DURE_VOL_COMM, DATE_DEBU_VALI, DATE_FIN_VALI) VALUES ('FA005','CGFRPA','USLAA',2, 1500, 60, '01/01/2014','01/05/2014');
INSERT INTO AVION (ID_AVION, NOMB_HEUR_VOL, NOMB_REVI, PLACE_STAN, PLACE_BUIS) VALUES (1,1000,4,50,20);
INSERT INTO AVION (ID_AVION, NOMB_HEUR_VOL, NOMB_REVI, PLACE_STAN, PLACE_BUIS) VALUES (2,5000,2,50,20);
INSERT INTO AVION (ID_AVION, NOMB_HEUR_VOL, NOMB_REVI, PLACE_STAN, PLACE_BUIS) VALUES (3,1300,3,50,20);
INSERT INTO AVION (ID_AVION, NOMB_HEUR_VOL, NOMB_REVI, PLACE_STAN, PLACE_BUIS) VALUES (4,18000,4,50,20);
INSERT INTO equipage(ID_EQUIPE, DATE_CREA) VALUES(1, '01/01/2014');
INSERT INTO equipage(ID_EQUIPE, DATE_CREA) VALUES(2, '02/01/2014');
INSERT INTO SPECIALITE(ID_SPEC, LIBE_SPEC) VALUES(1,'pilote');
INSERT INTO SPECIALITE(ID_SPEC, LIBE_SPEC) VALUES(2,'steward');
INSERT INTO CLASSE(ID_CLASS, NOM_CLASS) VALUES(1,'economique');
INSERT INTO CLASSE(ID_CLASS, NOM_CLASS) VALUES(2,'affaire');
INSERT INTO CLASSE(ID_CLASS, NOM_CLASS) VALUES(3,'business');
INSERT INTO employe(NUME_PASS_EMPL, ID_EQUIPE, ID_SPEC, NOM_EMPL, PREN_EMPL, NUME_ADRE_EMPL, NOM_ADRE_EMPL, CODE_POST_EMPL,VILL_EMPL, NUME_TELE_EMPL, EMAI_EMPL, NOMB_HEUR_EMPL) VALUES('DJ38DI',1,2,'Bob','Kyle',2,'rue de la paix', 75000, 'Paris', 0529404232, 'bobkyale@email.fr', 60);
INSERT INTO employe(NUME_PASS_EMPL, ID_EQUIPE, ID_SPEC, NOM_EMPL, PREN_EMPL, NUME_ADRE_EMPL, NOM_ADRE_EMPL, CODE_POST_EMPL,VILL_EMPL, NUME_TELE_EMPL, EMAI_EMPL, NOMB_HEUR_EMPL) VALUES('DS93DL',1,1,'Haul','jeremy',2,'rue de la paix', 75000, 'Paris', 0529404232, 'jeremy@email.fr', 129);
INSERT INTO employe(NUME_PASS_EMPL, ID_EQUIPE, ID_SPEC, NOM_EMPL, PREN_EMPL, NUME_ADRE_EMPL, NOM_ADRE_EMPL, CODE_POST_EMPL,VILL_EMPL, NUME_TELE_EMPL, EMAI_EMPL, NOMB_HEUR_EMPL) VALUES('LSP3DI',2,1,'Gaumet','helene',2,'rue de la paix', 75000, 'Paris', 0529404232, 'helene@email.fr', 34);
INSERT INTO employe(NUME_PASS_EMPL, ID_EQUIPE, ID_SPEC, NOM_EMPL, PREN_EMPL, NUME_ADRE_EMPL, NOM_ADRE_EMPL, CODE_POST_EMPL,VILL_EMPL, NUME_TELE_EMPL, EMAI_EMPL, NOMB_HEUR_EMPL) VALUES('AJD9ID',2,2,'Henry','Greg',2,'rue de la paix', 75000, 'Paris', 0529404232, 'greg@email.fr', 200);
INSERT INTO vol_reel(ID_VOL, ID_EQUIPE,ID_AVION, ID_VOL_COMM, CODE_AERO_ATTERRIR,TERMINAL_ATTERRIR,PORTE_ATTERRIR, CODE_AERO_DECOLLER,TERMINAL_DECOLLER,PORTE_DECOLLER,DATE_DEPART,DUREE_VOL,PRIX_STAN,ETAT_VOL) VALUES(1,1,1,'FA001','CGFRPA','A',1,'USLAA','B',2,'12/03/2014',400, 839, 'A');
INSERT INTO vol_reel(ID_VOL, ID_EQUIPE,ID_AVION, ID_VOL_COMM, CODE_AERO_ATTERRIR,TERMINAL_ATTERRIR,PORTE_ATTERRIR, CODE_AERO_DECOLLER,TERMINAL_DECOLLER,PORTE_DECOLLER,DATE_DEPART,DUREE_VOL,PRIX_STAN,ETAT_VOL) VALUES(2,1,4,'FA001','CGFRPA','A',1,'USLAA','B',2,'17/03/2014',400, 839, 'A');
INSERT INTO vol_reel(ID_VOL, ID_EQUIPE,ID_AVION, ID_VOL_COMM, CODE_AERO_ATTERRIR,TERMINAL_ATTERRIR,PORTE_ATTERRIR, CODE_AERO_DECOLLER,TERMINAL_DECOLLER,PORTE_DECOLLER,DATE_DEPART,DUREE_VOL,PRIX_STAN,ETAT_VOL) VALUES(3,1,2,'FA001','CGFRPA','A',1,'USLAA','B',2,'18/03/2014',400, 839, 'A');
INSERT INTO vol_reel(ID_VOL, ID_EQUIPE,ID_AVION, ID_VOL_COMM, CODE_AERO_ATTERRIR,TERMINAL_ATTERRIR,PORTE_ATTERRIR, CODE_AERO_DECOLLER,TERMINAL_DECOLLER,PORTE_DECOLLER,DATE_DEPART,DUREE_VOL,PRIX_STAN,ETAT_VOL) VALUES(4, 2,3,'FA002','ELAL','D',1,'ANFRNA','G',2,'06/03/2014',400, 839, 'A');
INSERT INTO vol_reel(ID_VOL, ID_EQUIPE,ID_AVION, ID_VOL_COMM, CODE_AERO_ATTERRIR,TERMINAL_ATTERRIR,PORTE_ATTERRIR, CODE_AERO_DECOLLER,TERMINAL_DECOLLER,PORTE_DECOLLER,DATE_DEPART,DUREE_VOL,PRIX_STAN,ETAT_VOL) VALUES(5, 2,4,'FA003','ANFRNA','G',1,'ALBEAB','F',2,'14/03/2014',400, 839, 'A');
INSERT INTO vol_reel(ID_VOL, ID_EQUIPE,ID_AVION, ID_VOL_COMM, CODE_AERO_ATTERRIR,TERMINAL_ATTERRIR,PORTE_ATTERRIR, CODE_AERO_DECOLLER,TERMINAL_DECOLLER,PORTE_DECOLLER,DATE_DEPART,DUREE_VOL,PRIX_STAN,ETAT_VOL) VALUES(6, 2,4,'FA004','ANFRNA','G',1,'USLAA','B',2,'19/03/2014',400, 839, 'A');
INSERT INTO CLIENT(NUME_PASS_CLI, NOM_CLI, PREN_CLI, PASSWORD_CLI, NUM_RUE_CLI, NOM_RUE_CLI,CODE_POST_CLI, VILL_CLI, TELE_CLI, EMAI_CLI) VALUES('14CT7','admin','admin','admin',3,'rue de la paix',29000,'quimper',0645637485,'email@email.fr');
INSERT INTO CLIENT(NUME_PASS_CLI, NOM_CLI, PREN_CLI, PASSWORD_CLI, NUM_RUE_CLI, NOM_RUE_CLI,CODE_POST_CLI, VILL_CLI, TELE_CLI, EMAI_CLI) VALUES('59OR7','admin2','admin2','admin2',3,'rue admin',29000,'adminland',0645634532,'admin@email.fr');
INSERT INTO CLIENT(NUME_PASS_CLI, NOM_CLI, PREN_CLI, PASSWORD_CLI, NUM_RUE_CLI, NOM_RUE_CLI,CODE_POST_CLI, VILL_CLI, TELE_CLI, EMAI_CLI) VALUES('2O407','Dupond','Henry','henry',9,'rue du petit pont',90000,'Belfort',0695698532,'henry@email.fr');
INSERT INTO CLIENT(NUME_PASS_CLI, NOM_CLI, PREN_CLI, PASSWORD_CLI, NUM_RUE_CLI, NOM_RUE_CLI,CODE_POST_CLI, VILL_CLI, TELE_CLI, EMAI_CLI) VALUES('2IU57','Martin','Benoit','benoit',12,'rue de Bruxelles',91440,'Bures sur Yvette',0759634522,'martin@email.fr');
INSERT INTO PASSAGER (NUM_PASS, NOM_PASS, PRENOM_PASS, NUM_PASSEPORT_PASS, NUM_IDEN_PASS) VALUES ('1', 'Bondon', 'Laurent', 'LDOE03JD8', '492028');
INSERT INTO PASSAGER (NUM_PASS, NOM_PASS, PRENOM_PASS, NUM_PASSEPORT_PASS, NUM_IDEN_PASS) VALUES ('2', 'Morello', 'Jean', '03JE8D62H', '409728');
INSERT INTO PASSAGER (NUM_PASS, NOM_PASS, PRENOM_PASS, NUM_PASSEPORT_PASS, NUM_IDEN_PASS) VALUES ('3', 'Fellous', 'Yuna', '9N594I3NF', '430828');
INSERT INTO PASSAGER (NUM_PASS, NOM_PASS, PRENOM_PASS, NUM_PASSEPORT_PASS, NUM_IDEN_PASS) VALUES ('4', 'Daumas', 'Gabin', '0OR83HDI4', '417828');
INSERT INTO PASSAGER (NUM_PASS, NOM_PASS, PRENOM_PASS, NUM_PASSEPORT_PASS, NUM_IDEN_PASS) VALUES ('5', 'Lin', 'Yasmine', '03NRIF94K', '492201');
INSERT INTO PASSAGER (NUM_PASS, NOM_PASS, PRENOM_PASS, NUM_PASSEPORT_PASS, NUM_IDEN_PASS) VALUES ('6', 'Vidal', 'Ines', '303KAPMM3', '987028');
INSERT INTO PASSAGER (NUM_PASS, NOM_PASS, PRENOM_PASS, NUM_PASSEPORT_PASS, NUM_IDEN_PASS) VALUES ('7', 'Toure', 'Mario', '862K9SJD7', '902028');
INSERT INTO PASSAGER (NUM_PASS, NOM_PASS, PRENOM_PASS, NUM_PASSEPORT_PASS, NUM_IDEN_PASS) VALUES ('8', 'Kounga', 'Astrid', 'CVDJ87654', '123028');
INSERT INTO PASSAGER (NUM_PASS, NOM_PASS, PRENOM_PASS, NUM_PASSEPORT_PASS, NUM_IDEN_PASS) VALUES ('9', 'Mermet', 'Gaston', '09DJF765E', '498028');
INSERT INTO PASSAGER (NUM_PASS, NOM_PASS, PRENOM_PASS, NUM_PASSEPORT_PASS, NUM_IDEN_PASS) VALUES ('10', 'Mons', 'Tom', 'KED763BHY', '490008');
INSERT INTO PASSAGER (NUM_PASS, NOM_PASS, PRENOM_PASS, NUM_PASSEPORT_PASS, NUM_IDEN_PASS) VALUES ('11', 'Nguyen', 'Benji', '30I987O56', '333028');
INSERT INTO PASSAGER (NUM_PASS, NOM_PASS, PRENOM_PASS, NUM_PASSEPORT_PASS, NUM_IDEN_PASS) VALUES ('12', 'Boully', 'Antoine', '3BHY0IO56', '125028');
INSERT INTO PASSAGER (NUM_PASS, NOM_PASS, PRENOM_PASS, NUM_PASSEPORT_PASS, NUM_IDEN_PASS) VALUES ('13', 'COCOZZA', 'Clement', '30IPA9O56', '019028');
INSERT INTO BILLET(NUME_BILL, NUME_PASS_CLI, PRIX_TOTA_HT,DATE_BILL) VALUES(1,'2O407',1500,'12/03/2014');
INSERT INTO BILLET(NUME_BILL, NUME_PASS_CLI, PRIX_TOTA_HT,DATE_BILL) VALUES(2,'2IU57',1300,'22/03/2014');
INSERT INTO BILLET(NUME_BILL, NUME_PASS_CLI, PRIX_TOTA_HT,DATE_BILL) VALUES(3,'2O407',1100,'23/03/2014');
INSERT INTO BILLET(NUME_BILL, NUME_PASS_CLI, PRIX_TOTA_HT,DATE_BILL) VALUES(4,'2IU57',1500,'2/03/2014');
INSERT INTO RESERVATION (CODE_RESE, NUME_PASS_CLI, DATE_LIMI, DATE_RESE, ETAT_RESE) VALUES ('1', '2IU57', TO_DATE('12/07/2014', 'DD/MM/RR'), TO_DATE('12/06/2014', 'DD/MM/RR'), 'ok');
INSERT INTO RESERVATION (CODE_RESE, NUME_PASS_CLI, DATE_LIMI, DATE_RESE, ETAT_RESE) VALUES ('2', '2O407', TO_DATE('13/07/2014', 'DD/MM/RR'), TO_DATE('13/06/2014', 'DD/MM/RR'), 'ok');
INSERT INTO RESERVATION (CODE_RESE, NUME_PASS_CLI, DATE_LIMI, DATE_RESE, ETAT_RESE) VALUES ('3', '2IU57', TO_DATE('14/07/2014', 'DD/MM/RR'), TO_DATE('14/06/2014', 'DD/MM/RR'), 'ok');
INSERT INTO RESERVATION (CODE_RESE, NUME_PASS_CLI, DATE_LIMI, DATE_RESE, ETAT_RESE) VALUES ('4', '2O407', TO_DATE('11/07/2014', 'DD/MM/RR'), TO_DATE('11/06/2014', 'DD/MM/RR'), 'ok');
INSERT INTO PLACE(ID_VOL,NUME_RANG,NUME_LIGN,NUME_BILL,ID_CLASS,ETAT_PLAC,ENRGISTREMENT,PRIX_PASSA) VALUES(1,1,1,1,1,'O',0,600);
INSERT INTO PLACE(ID_VOL,NUME_RANG,NUME_LIGN,CODE_RESE,ID_CLASS,ETAT_PLAC,ENRGISTREMENT,PRIX_PASSA) VALUES(1,1,2,1,1,'O',0,600);
INSERT INTO PLACE(ID_VOL,NUME_RANG,NUME_LIGN,NUME_BILL,ID_CLASS,ETAT_PLAC,ENRGISTREMENT,PRIX_PASSA) VALUES(1,2,1,1,1,'O',0,900);
INSERT INTO PLACE(ID_VOL,NUME_RANG,NUME_LIGN,CODE_RESE,ID_CLASS,ETAT_PLAC,ENRGISTREMENT,PRIX_PASSA) VALUES(1,2,2,1,1,'O',0,900);
INSERT INTO PLACE(ID_VOL,NUME_RANG,NUME_LIGN,NUME_BILL,ID_CLASS,ETAT_PLAC,ENRGISTREMENT,PRIX_PASSA) VALUES(2,1,1,2,1,'O',0,500);
INSERT INTO PLACE(ID_VOL,NUME_RANG,NUME_LIGN,CODE_RESE,ID_CLASS,ETAT_PLAC,ENRGISTREMENT,PRIX_PASSA) VALUES(2,1,2,2,1,'O',0,500);
INSERT INTO PLACE(ID_VOL,NUME_RANG,NUME_LIGN,NUME_BILL,ID_CLASS,ETAT_PLAC,ENRGISTREMENT,PRIX_PASSA) VALUES(2,2,1,2,1,'O',0,800);
INSERT INTO PLACE(ID_VOL,NUME_RANG,NUME_LIGN,CODE_RESE,ID_CLASS,ETAT_PLAC,ENRGISTREMENT,PRIX_PASSA) VALUES(2,2,2,2,1,'O',0,800);
INSERT INTO PLACE(ID_VOL,NUME_RANG,NUME_LIGN,NUME_BILL,ID_CLASS,ETAT_PLAC,ENRGISTREMENT,PRIX_PASSA) VALUES(3,1,1,3,1,'O',0,400);
INSERT INTO PLACE(ID_VOL,NUME_RANG,NUME_LIGN,CODE_RESE,ID_CLASS,ETAT_PLAC,ENRGISTREMENT,PRIX_PASSA) VALUES(3,1,2,3,1,'O',0,400);
INSERT INTO PLACE(ID_VOL,NUME_RANG,NUME_LIGN,NUME_BILL,ID_CLASS,ETAT_PLAC,ENRGISTREMENT,PRIX_PASSA) VALUES(3,2,1,3,1,'O',0,700);
INSERT INTO PLACE(ID_VOL,NUME_RANG,NUME_LIGN,CODE_RESE,ID_CLASS,ETAT_PLAC,ENRGISTREMENT,PRIX_PASSA) VALUES(3,2,2,3,1,'O',0,700);
INSERT INTO PLACE(ID_VOL,NUME_RANG,NUME_LIGN,NUME_BILL,ID_CLASS,ETAT_PLAC,ENRGISTREMENT,PRIX_PASSA) VALUES(4,1,1,4,1,'O',0,600);
INSERT INTO PLACE(ID_VOL,NUME_RANG,NUME_LIGN,CODE_RESE,ID_CLASS,ETAT_PLAC,ENRGISTREMENT,PRIX_PASSA) VALUES(4,1,2,4,1,'O',0,600);
INSERT INTO PLACE(ID_VOL,NUME_RANG,NUME_LIGN,NUME_BILL,ID_CLASS,ETAT_PLAC,ENRGISTREMENT,PRIX_PASSA) VALUES(4,2,1,4,1,'O',0,900);
INSERT INTO PLACE(ID_VOL,NUME_RANG,NUME_LIGN,CODE_RESE,ID_CLASS,ETAT_PLAC,ENRGISTREMENT,PRIX_PASSA) VALUES(4,2,2,4,1,'O',0,900);
INSERT INTO ASSIGNER_A (NUME_BILL,NUM_PASS) VALUES(1,1);
INSERT INTO ASSIGNER_A (NUME_BILL,NUM_PASS) VALUES(1,2);
INSERT INTO ASSIGNER_A (NUME_BILL,NUM_PASS) VALUES(2,3);
INSERT INTO ASSIGNER_A (NUME_BILL,NUM_PASS) VALUES(2,4);
INSERT INTO ASSIGNER_A (NUME_BILL,NUM_PASS) VALUES(3,5);
INSERT INTO ASSIGNER_A (NUME_BILL,NUM_PASS) VALUES(3,6);
INSERT INTO ASSIGNER_A (NUME_BILL,NUM_PASS) VALUES(4,7);
INSERT INTO ASSIGNER_A (NUME_BILL,NUM_PASS) VALUES(4,8);
INSERT INTO CONCERNER  (CODE_RESE,NUM_PASS) VALUES(1,9);
INSERT INTO CONCERNER  (CODE_RESE,NUM_PASS) VALUES(1,10);
INSERT INTO CONCERNER  (CODE_RESE,NUM_PASS) VALUES(2,11);
INSERT INTO CONCERNER  (CODE_RESE,NUM_PASS) VALUES(3,12);
INSERT INTO CONCERNER  (CODE_RESE,NUM_PASS) VALUES(3,13);
INSERT INTO CONCERNER  (CODE_RESE,NUM_PASS) VALUES(4,1);
INSERT INTO CONCERNER  (CODE_RESE,NUM_PASS) VALUES(4,2);
COMMIT;